{"cameraMode":{"drawMode":0,"name":"Shaded","section":"Shading Mode"},"sceneLighting":false,"audioPlay":false,"sceneViewState":{"m_AlwaysRefresh":false,"showFog":true,"showSkybox":false,"showFlares":true,"showImageEffects":true,"showParticleSystems":true,"showVisualEffectGraphs":true,"m_FxEnabled":true},"in2DMode":false,"pivot":{"x":0.5244283080101013,"y":1.4723113775253297,"z":-0.3999411165714264},"rotation":{"x":-0.013592313975095749,"y":0.9946854114532471,"z":0.0029114470817148687,"w":-0.12229937314987183},"size":1.5635942220687867,"orthographic":false}