{"cameraMode":{"drawMode":0,"name":"Shaded","section":"Shading Mode"},"sceneLighting":true,"audioPlay":false,"sceneViewState":{"m_AlwaysRefresh":false,"showFog":true,"showSkybox":true,"showFlares":true,"showImageEffects":true,"showParticleSystems":true,"showVisualEffectGraphs":true,"m_FxEnabled":true},"in2DMode":false,"pivot":{"x":49.96260070800781,"y":1.028127670288086,"z":37.63666915893555},"rotation":{"x":0.01330066379159689,"y":0.25892677903175356,"z":0.007821166887879372,"w":0.9671674966812134},"size":14.029961585998536,"orthographic":false}