{"cameraMode":{"drawMode":0,"name":"Shaded","section":"Shading Mode"},"sceneLighting":false,"audioPlay":false,"sceneViewState":{"m_AlwaysRefresh":false,"showFog":true,"showSkybox":false,"showFlares":true,"showImageEffects":true,"showParticleSystems":true,"showVisualEffectGraphs":true,"m_FxEnabled":true},"in2DMode":false,"pivot":{"x":-0.0009334683418273926,"y":0.5127290487289429,"z":-0.0000013113021850585938},"rotation":{"x":0.024051837623119355,"y":0.832442581653595,"z":-0.033732470124959949,"w":0.5534958243370056},"size":1.2559266090393067,"orthographic":false}