{"cameraMode":{"drawMode":0,"name":"Shaded","section":"Shading Mode"},"sceneLighting":false,"audioPlay":false,"sceneViewState":{"m_AlwaysRefresh":false,"showFog":true,"showSkybox":false,"showFlares":true,"showImageEffects":true,"showParticleSystems":true,"showVisualEffectGraphs":true,"m_FxEnabled":true},"in2DMode":false,"pivot":{"x":-2.6472971439361574,"y":2.3619253635406496,"z":2.0652668476104738},"rotation":{"x":0.1445961892604828,"y":0.8477511405944824,"z":-0.4272177815437317,"w":0.28264540433883669},"size":1.5565587282180787,"orthographic":false}