{"cameraMode":{"drawMode":0,"name":"Shaded","section":"Shading Mode"},"sceneLighting":false,"audioPlay":false,"sceneViewState":{"m_AlwaysRefresh":false,"showFog":true,"showSkybox":false,"showFlares":true,"showImageEffects":true,"showParticleSystems":true,"showVisualEffectGraphs":true,"m_FxEnabled":true},"in2DMode":false,"pivot":{"x":0.00014191865921020508,"y":0.5676354169845581,"z":-0.00513872504234314},"rotation":{"x":0.2969232201576233,"y":-0.462376207113266,"z":0.17508889734745027,"w":0.8178576231002808},"size":0.7701596617698669,"orthographic":false}