{"cameraMode":{"drawMode":0,"name":"Shaded","section":"Shading Mode"},"sceneLighting":false,"audioPlay":false,"sceneViewState":{"m_AlwaysRefresh":false,"showFog":true,"showSkybox":false,"showFlares":true,"showImageEffects":true,"showParticleSystems":true,"showVisualEffectGraphs":true,"m_FxEnabled":true},"in2DMode":false,"pivot":{"x":33.24496841430664,"y":0.035264015197753909,"z":21.35288429260254},"rotation":{"x":-0.06905291229486466,"y":0.8819504976272583,"z":-0.1450171023607254,"w":-0.44548848271369936},"size":2.8187899589538576,"orthographic":false}