{"cameraMode":{"drawMode":0,"name":"Shaded","section":"Shading Mode"},"sceneLighting":false,"audioPlay":false,"sceneViewState":{"m_AlwaysRefresh":false,"showFog":true,"showSkybox":false,"showFlares":true,"showImageEffects":true,"showParticleSystems":true,"showVisualEffectGraphs":true,"m_FxEnabled":true},"in2DMode":false,"pivot":{"x":3.4364426136016847,"y":1.6837291717529297,"z":-2.8681576251983644},"rotation":{"x":-0.03812461718916893,"y":0.9580861926078796,"z":-0.17210093140602113,"w":-0.22987036406993867},"size":0.15237437188625337,"orthographic":false}