{"cameraMode":{"drawMode":0,"name":"Shaded","section":"Shading Mode"},"sceneLighting":false,"audioPlay":false,"sceneViewState":{"m_AlwaysRefresh":false,"showFog":true,"showSkybox":false,"showFlares":true,"showImageEffects":true,"showParticleSystems":true,"showVisualEffectGraphs":true,"m_FxEnabled":true},"in2DMode":false,"pivot":{"x":-0.992141604423523,"y":1.1781113147735596,"z":0.15745754539966584},"rotation":{"x":-0.01216536108404398,"y":0.9996179938316345,"z":0.06296946108341217,"w":-0.03473050519824028},"size":0.46666085720062258,"orthographic":false}