{"cameraMode":{"drawMode":0,"name":"Shaded","section":"Shading Mode"},"sceneLighting":false,"audioPlay":false,"sceneViewState":{"m_AlwaysRefresh":false,"showFog":true,"showSkybox":false,"showFlares":true,"showImageEffects":true,"showParticleSystems":true,"showVisualEffectGraphs":true,"m_FxEnabled":true},"in2DMode":false,"pivot":{"x":3.928999900817871,"y":1.8859999179840088,"z":2.8310000896453859},"rotation":{"x":0.3131309151649475,"y":-0.6051272749900818,"z":0.28465354442596438,"w":0.6757222414016724},"size":0.28935396671295168,"orthographic":false}