{"cameraMode":{"drawMode":0,"name":"Shaded","section":"Shading Mode"},"sceneLighting":false,"audioPlay":false,"sceneViewState":{"m_AlwaysRefresh":false,"showFog":true,"showSkybox":false,"showFlares":true,"showImageEffects":true,"showParticleSystems":true,"showVisualEffectGraphs":true,"m_FxEnabled":true},"in2DMode":false,"pivot":{"x":-1.7519989013671876,"y":8.590533256530762,"z":0.0019998550415039064},"rotation":{"x":-0.12154117971658707,"y":-0.27063462138175967,"z":0.03430604189634323,"w":-0.9545021653175354},"size":35.1685676574707,"orthographic":false}