{"cameraMode":{"drawMode":0,"name":"Shaded","section":"Shading Mode"},"sceneLighting":false,"audioPlay":false,"sceneViewState":{"m_AlwaysRefresh":false,"showFog":true,"showSkybox":false,"showFlares":true,"showImageEffects":true,"showParticleSystems":true,"showVisualEffectGraphs":true,"m_FxEnabled":true},"in2DMode":false,"pivot":{"x":38.89625549316406,"y":0.028342247009277345,"z":20.067779541015626},"rotation":{"x":-0.01933269016444683,"y":-0.9537875056266785,"z":0.3022497296333313,"w":-0.03075043484568596},"size":2.677149534225464,"orthographic":false}